EmployeeName,EmployeeEmail,Department,Role
Chloe Zhang,chloe.zhang@orbitmeet.com,Design,Analyst
Olivia Carter,olivia.carter@orbitmeet.com,Design,Director
Liam Gonzalez,liam.gonzalez@orbitmeet.com,Finance,Analyst
Emma Carter,emma.carter@orbitmeet.com,Operations,Coordinator
Evan Phillips,evan.phillips@orbitmeet.com,Operations,Manager
Noah Turner,noah.turner@orbitmeet.com,Engineering,Manager
Olivia King,olivia.king@orbitmeet.com,Finance,Consultant
Sarah Williams,sarah.williams@orbitmeet.com,Sales,Director
Noah Perez,noah.perez@orbitmeet.com,Design,Lead
Samuel Jones,samuel.jones@orbitmeet.com,Finance,Director
Mia Mitchell,mia.mitchell@orbitmeet.com,Product,Lead
Avery Carter,avery.carter@orbitmeet.com,Engineering,Analyst
Olivia Turner,olivia.turner@orbitmeet.com,Product,Manager
Morgan Martin,morgan.martin@orbitmeet.com,Operations,Consultant
Riley Clark,riley.clark@orbitmeet.com,Product,Developer
Sophia Mitchell,sophia.mitchell@orbitmeet.com,Product,Developer
Riley Harris,riley.harris@orbitmeet.com,Operations,Director
Casey Perez,casey.perez@orbitmeet.com,Design,Manager
Harper King,harper.king@orbitmeet.com,Design,Developer
Jordan Clark,jordan.clark@orbitmeet.com,Sales,Consultant
Ella Baker,ella.baker@orbitmeet.com,Product,Designer
Olivia Young,olivia.young@orbitmeet.com,Design,Coordinator
Mia Martin,mia.martin@orbitmeet.com,Engineering,Lead
Jordan Carter,jordan.carter@orbitmeet.com,Operations,Analyst
Riley Turner,riley.turner@orbitmeet.com,Operations,Manager
Isabella Nelson,isabella.nelson@orbitmeet.com,Finance,Developer
Emma Baker,emma.baker@orbitmeet.com,Finance,Director
Grace Walker,grace.walker@orbitmeet.com,Marketing,Director
Taylor Adams,taylor.adams@orbitmeet.com,Sales,Lead
Harper Young,harper.young@orbitmeet.com,Engineering,Director
Avery Hill,avery.hill@orbitmeet.com,Engineering,Coordinator
Emma Harris,emma.harris@orbitmeet.com,Finance,Lead
Ella King,ella.king@orbitmeet.com,Marketing,Director
Sophia Wright,sophia.wright@orbitmeet.com,Engineering,Analyst
Jordan Lopez,jordan.lopez@orbitmeet.com,Finance,Lead
Emma Mitchell,emma.mitchell@orbitmeet.com,Product,Consultant
Sophia Gonzalez,sophia.gonzalez@orbitmeet.com,Marketing,Developer
Mia Perez,mia.perez@orbitmeet.com,HR,Director
Michael Johnson,michael.johnson@orbitmeet.com,Operations,Designer
Jordan King,jordan.king@orbitmeet.com,HR,Developer
David Lee,david.lee@orbitmeet.com,Engineering,Manager
Harper Hill,harper.hill@orbitmeet.com,Engineering,Designer
Emma Roberts,emma.roberts@orbitmeet.com,HR,Analyst
Alex Hill,alex.hill@orbitmeet.com,HR,Designer
Morgan Young,morgan.young@orbitmeet.com,Product,Lead
Grace Clark,grace.clark@orbitmeet.com,Product,Manager
Sophia Turner,sophia.turner@orbitmeet.com,Marketing,Analyst
Jordan Wright,jordan.wright@orbitmeet.com,Finance,Designer
Liam Mitchell,liam.mitchell@orbitmeet.com,Design,Analyst
Alex Nelson,alex.nelson@orbitmeet.com,Sales,Designer
Evan Harris,evan.harris@orbitmeet.com,Product,Consultant
Liam Carter,liam.carter@orbitmeet.com,Engineering,Manager
Sophia Phillips,sophia.phillips@orbitmeet.com,Operations,Director
Casey Nelson,casey.nelson@orbitmeet.com,HR,Developer
Noah Walker,noah.walker@orbitmeet.com,Product,Consultant
Emma Adams,emma.adams@orbitmeet.com,Marketing,Designer
Priya Patel,priya.patel@orbitmeet.com,Engineering,Analyst
Isabella Baker,isabella.baker@orbitmeet.com,Design,Manager
Ella Young,ella.young@orbitmeet.com,Finance,Coordinator
Liam Young,liam.young@orbitmeet.com,Marketing,Director
Noah Carter,noah.carter@orbitmeet.com,Design,Consultant
Liam Turner,liam.turner@orbitmeet.com,Design,Manager
Lisa Chen,lisa.chen@orbitmeet.com,Design,Developer
Charlotte Hall,charlotte.hall@orbitmeet.com,Sales,Consultant
Sophia Martin,sophia.martin@orbitmeet.com,Operations,Consultant
Sophia Lopez,sophia.lopez@orbitmeet.com,Finance,Lead
Riley Roberts,riley.roberts@orbitmeet.com,HR,Coordinator
Taylor Perez,taylor.perez@orbitmeet.com,Product,Consultant
Harper Adams,harper.adams@orbitmeet.com,Marketing,Designer
Avery Gonzalez,avery.gonzalez@orbitmeet.com,Engineering,Designer
Taylor King,taylor.king@orbitmeet.com,Operations,Manager
Noah Roberts,noah.roberts@orbitmeet.com,Engineering,Consultant
Mia Walker,mia.walker@orbitmeet.com,Design,Analyst
Casey Young,casey.young@orbitmeet.com,Marketing,Director
Isabella Carter,isabella.carter@orbitmeet.com,Marketing,Designer
Charlotte Carter,charlotte.carter@orbitmeet.com,Product,Coordinator
Isabella Clark,isabella.clark@orbitmeet.com,Product,Designer
Jordan Phillips,jordan.phillips@orbitmeet.com,Marketing,Manager
Maria Rodriguez,maria.rodriguez@orbitmeet.com,Finance,Coordinator
Avery Baker,avery.baker@orbitmeet.com,Sales,Developer
Noah Clark,noah.clark@orbitmeet.com,Finance,Developer
Olivia Adams,olivia.adams@orbitmeet.com,HR,Analyst
Ben Carter,randomwork9897@gmail.com,HR,Developer
Amelia Perez,amelia.perez@orbitmeet.com,Marketing,Developer
Ella Phillips,ella.phillips@orbitmeet.com,HR,Consultant
Noah Adams,noah.adams@orbitmeet.com,Engineering,Developer
Casey Clark,casey.clark@orbitmeet.com,Sales,Designer
Riley Baker,riley.baker@orbitmeet.com,Operations,Developer
Olivia Martin,olivia.martin@orbitmeet.com,Finance,Designer
Evan Adams,evan.adams@orbitmeet.com,Operations,Manager
Taylor Harris,taylor.harris@orbitmeet.com,Finance,Analyst
Amelia Baker,amelia.baker@orbitmeet.com,Engineering,Manager
Liam Phillips,liam.phillips@orbitmeet.com,Design,Analyst
Grace Martin,grace.martin@orbitmeet.com,HR,Manager
Ella Clark,ella.clark@orbitmeet.com,Design,Manager
Harper Wright,harper.wright@orbitmeet.com,Marketing,Designer
Mia Lopez,mia.lopez@orbitmeet.com,HR,Consultant
Taylor Walker,taylor.walker@orbitmeet.com,HR,Lead
Liam Harris,liam.harris@orbitmeet.com,Marketing,Consultant
Jordan Hall,jordan.hall@orbitmeet.com,Engineering,Coordinator
